Story,Question,Option A,Option B,Answer,Source
Jim had a passion for construction. Jim decided one day to open his own business. He stocked his store with the finest construction materials available. Jim attracted the attention of major builders in the area.,Which of the two endings is the most plausible correct ending to the story?,Jim's business was successful.,"Today, Jim's inventory is part of the rebuilt World Trade Center.",B,ROC
Four friends decided to start a band. They met a couple times a week to practice. Soon they had written their own songs and found their sound. They auditioned for several records with no luck.,Which of the two endings is the most plausible correct ending to the story?,They were invited to play at a local club.,Finally one day they got a call that they had a record deal.,B,ROC
When I was a boy my parents used to take my brother and I to the park. We would play and have a lunch and just walk around. One day the park all the picnic benches were full we had one. These two police officers has come up and ask if they could join us.,Which of the two endings is the most plausible correct ending to the story?,They were there to take my brother and I to the police station.,After they had lets us operate the police car lights and siren .,B,ROC
Chuck was the owner of an old historical hotel. He loved the hotel but it was creaky and being condemned. Chuck tried to fight the situation but nothing seemed to work. His hotel would close that very day.,Which of the two endings is the most plausible correct ending to the story?,Chuck was sure to keep some things to remember it by.,Chuck was contacted by a man named John.,A,ROC
"Erin spent her afternoon drawing in chalk on the sidewalk. When she finished, Erin marveled at her work. The sky began to get dark and ominous. Erin ran to the shed to get a large tarp to cover her work.",Which of the two endings is the most plausible correct ending to the story?,The sun was shining.,Her masterpiece remained intact for three weeks after that.,B,ROC
"Missy bought a ticket to the carnival. She went in and looked around, open mouthed. She loved all the games and rides! She spent the whole day having a great time.",Which of the two endings is the most plausible correct ending to the story?,Missy vowed never to go back to the carnival again.,Missy decided to go back to the carnival the next day.,B,SCT
"My wife had MLK day off. She slept in, and did not get up until 10 AM. We had a leisurely breakfast. She watched Little House on the Prairie while I surfed the net.",Which of the two endings is the most plausible correct ending to the story?,Then we had a relaxing evening covering on the couch.,The day was very stressful.,A,SCT
"Martha wanted to win the big spelling bee at school. She got a word list from her teacher and practiced every day. The big day finally came, and Martha won the spelling bee! She got a trophy, and her picture was in the newspaper!",Which of the two endings is the most plausible correct ending to the story?,Martha was very proud of her accomplishment.,Martha was upset about losing.,A,SCT
John planted a garden last spring. He tilled the soil. The tomato plants began to produce. But crows devoured John's harvest.,Which of the two endings is the most plausible correct ending to the story?,John decided to try again and work passed the crows.,John then captured the crows as pets.,A,SCT
Ariel is our 5 month old baby. She had woke up the other morning extremely fussy. We couldn't figure out what was wrong at first. We then seen a fresh tooth popping through her gum line.,Which of the two endings is the most plausible correct ending to the story?,We went to a dentist who pulled the tooth.,We had a week of hell as her tooth came in.,B,SCT
