Question,Answer,Category
He jumped on his favorite chair and looked down as Maggie ran under it. At what time were these people playing around the chair?,7:00 PM,Commonsense
Farragut convinces the ad men to make the motorcycle journey on the pretext of looking for a location to shoot a commercial . What time did they begin the journey?,7:00 AM,Commonsense
The report of American 11 heading south was the first; Delta 1989 was the second. At what time of the day was American 11 heading south?,10:00 AM,Commonsense
"They first traveled by plane around Europe, where they saw many different people and sights. What time did they normally board the flights?",7:00 AM,Commonsense
The resolution creating the new intelligence committee structure should grant subpoena authority to the committee or committees. When will the subpoena be granted?,the subpoena will be granted after the committee is granted authority to grant subpoenas,Commonsense
Which event typically happens earlier: fireworks display or evening street performers?,Evening street performers,Comparison
Which statement is more typical in terms of time? A: 'Some people prefer taking a late-night swim in indoor pools during winters.' or B: 'Some people enjoy a dawn swim in outdoor pools during the spring.'?,Neither statement is typical.,Comparison
Which statement is more typical in terms of time? A: 'Certain hobby groups meet at midnight for telescope making and stargazing.' or B: 'Certain hobby groups meet at dawn for telescope making and sun gazing.'?,Neither statement is typical.,Comparison
Which event typically happens earlier: dusk temple rituals or city park evening strollers?,Dusk temple rituals,Comparison
Which event typically happens earlier: city council meeting or nighttime stargazing?,City council meeting,Comparison
"In what year(s) did ""Association of Southeast Asian Nations (ASEAN) founded."" occur?",1967,Facts
"In what year(s) did ""Siege of Leningrad begins."" occur?",1941,Facts
"In what year(s) did ""The British Indian Province of Bengal, partitioned by the Viceroy of India, Lord Curzon, despite strong opposition."" occur?",1905,Facts
"In what year(s) did ""Roman Civil War between Julius Caesar and Pompey the Great."" occur?",49 BCE,Facts
"In what year(s) did ""The Great Frost of 1709 marks the coldest winter in 500 years."" occur?",1709,Facts
"Following Kammu's death in 806 and a succession struggle among his sons, two new offices were established in an effort to adjust the Taika-Taihō administrative structure. Through the new Emperor's Private Office, the emperor could issue administrative edicts more directly and with more self-assurance than before. The new Metropolitan Police Board replaced the largely ceremonial imperial guard units. While these two offices strengthened the emperor's position temporarily, soon they and other Chinese-style structures were bypassed in the developing state. In 838 the end of the imperial-sanctioned missions to Tang China, which had begun in 630, marked the effective end of Chinese influence. Tang China was in a state of decline, and Chinese Buddhists were severely persecuted, undermining Japanese respect for Chinese institutions. Japan began to turn inward. Tang China's influence over Japan ended in what year?",838,Reading Comprehension
"Other Christian denominations on the island include: Roman Catholic (since 1852), Salvation Army (since 1884), Baptist (since 1845) and, in more recent times, Seventh-day Adventist (since 1949), New Apostolic and Jehovah's Witnesses (of which one in 35 residents is a member, the highest ratio of any country). The Catholics are pastorally served by the Mission sui iuris of Saint Helena, Ascension and Tristan da Cunha, whose office of ecclesiastical superior is vested in the Apostolic Prefecture of the Falkland Islands. When did Baptists come to the island?",1845,Reading Comprehension
"Tito visited India from December 22, 1954 through January 8, 1955. After his return, he removed many restrictions on churches and spiritual institutions in Yugoslavia. When did Tito first visit India?",1954,Reading Comprehension
"In July 1960, NASA Deputy Administrator Hugh L. Dryden announced the Apollo program to industry representatives at a series of Space Task Group conferences. Preliminary specifications were laid out for a spacecraft with a mission module cabin separate from the command module (piloting and re-entry cabin), and a propulsion and equipment module. On August 30, a feasibility study competition was announced, and on October 25, three study contracts were awarded to General Dynamics/Convair, General Electric, and the Glenn L. Martin Company. Meanwhile, NASA performed its own in-house spacecraft design studies led by Maxime Faget, to serve as a gauge to judge and monitor the three industry designs. In what year was the Apollo program announced?",1960,Reading Comprehension
"In the 1970s, the United States began developing a new generation of reusable orbital spacecraft known as the Space Shuttle, and launched a range of unmanned probes. The USSR continued to develop space station technology with the Salyut program and Mir ('Peace' or 'World', depending on the context) space station, supported by Soyuz spacecraft. They developed their own large space shuttle under the Buran program. However, the USSR dissolved in 1991 and the remains of its space program were distributed to various Eastern European countries. The United States and Russia would work together in space with the Shuttle-Mir Program, and again with the International Space Station. What year did the USSR disband?",1991,Reading Comprehension
