Question,Answer,Category
Arrange the following events in chronological order: (1) Neil's novel became a bestseller. (2) A famous director showed interest in adapting Neil's novel. (3) The movie adaptation of Neil's novel was released in theaters. (4) Neil wrote his first novel. ,"(4), (1), (2), (3)",Commonsense
Jake joined a professional basketball team. Then Jake started coaching a high school basketball team. - True/False?,TRUE,Commonsense
"She told them that she would help take care of the puppy, if she could have one. When could she get a puppy? Is ""3 hours ago"" possible?",FALSE,Commonsense
"Diggler became a prominent model and began appearing in pornographic films , after Which his career took off . What happened after Diggler's career took off? Is ""he appeared in more porn movies"" possible?",TRUE,Commonsense
"And so, by 600,000 b.c., about 50 km (31 miles) southwest of present-day Beijing, the ancestors of mankind were ready to settle down. What did the ancestors of mankind do after settling? Is ""continued living in woods"" possible?",FALSE,Commonsense
"Arrange the following events in chronological order: (1) The Luoyang Christmas fire at a shopping center in China kills 309 people. (2) Napoleon's invasion and partition of the Republic of Venice ends over 1,000 years of independence for the Serene Republic. (3) Pope Francis meets with Grand Ayatollah Ali al-Sistani in Najaf, Iraq. It is the first-ever meeting between a pope and a grand ayatollah. (4) Death and state funeral of Kim Il-sung. Kim Jong-il becomes Supreme Leader of North Korea. (5) Establishment of Miss Universe.","(2), (5), (4), (1), (3)",Facts
"Arrange the following events in chronological order: (1) The Intermediate-Range Nuclear Forces Treaty is signed in Washington, D.C. by U.S. President Ronald Reagan and Soviet leader Mikhail Gorbachev. (2) Richard Nixon is inaugurated as President of the United States.","(2), (1)",Facts
"Arrange the following events in chronological order: (1) Typhoon Ketsana kills 789 people in the Philippines. (2) The fall of the Yuan dynasty. Its remnants, known as Northern Yuan, continued to rule Mongolia. (3) Columbia Broadcasting System (CBS) founded in New York City.","(2), (3), (1)",Facts
Is the following sequence of events in the correct chronological order? (1) 1958 Lebanon crisis. (2) Google acquires YouTube for US$1.65 billion. (3) Charles Darwin's journey aboard HMS Beagle.,FALSE,Facts
Is the following sequence of events in the correct chronological order? (1) Galileo Galilei born on February 15 (2) Establishment of Airbus.,TRUE,Facts
