Question,Answer,Source
"The blaze was still buring more than five hours later, despite the efforts of civil defense workers backed by helicopters, witnesses said. What is the relationship between the event 'buring' and the time 'five hours'?",IS_INCLUDED,TempEval-3
Fletcher again ruled out Vaughan playing in the last two Ashes Tests and said the selectors were yet to make a final decision on the form and fitness of the former skipper with regards to a one-day recall. What is the relationship between the event 'said' and the event 'said'?,SIMULTANEOUS,TempEval-3
"Local governments are responsible for managing and supervising coal mining businesses and other production activities in areas under their jurisdiction, the spokesman said. The Shanxi Provincial CPC Committee has also suggested that the four people should be removed from their administrative posts, said a spokesman for the provincial government on Friday. What is the relationship between the event 'managing' and the event 'said'?",BEFORE,TempEval-3
"A warrant has already been issued for Iranian intelligence minister Ali Fallahian, who is accused of ordering the killings. Iran warned Wednesday of a threat to relations with Germany over the outcome of a trial of five men accused of the murder of Iranian Kurd opposition leaders in Berlin, but pledged to protect German lives and interests here regardless. What is the relationship between the event 'issued' and the event 'accused'?",BEFORE,TempEval-3
"Some even lost their sense of the most basic courtesy. ""It really is a progress for the leader to realize the problem and his attention to detail shows a sense of responsibility."" What is the relationship between the event 'lost' and the event 'sense'?",AFTER,TempEval-3
