Question,Option A,Option B,Option C,Answer,Category
"If a deadline is mentioned as 'in a couple of hours', when should it be met?",a few hours from now,day after the current,72 hours earlier,A,Interpretation
"If a deadline is mentioned as 'sunrise', when should it be met?",at the crack of dawn,365 days later,never,A,Interpretation
A note suggests meeting 'for the time being'. When is this suggesting?,temporarily,72 hours earlier,before the next month,A,Interpretation
The forecast predicts rain 'in a span of years'. When is this likely to occur?,for a very long time,in multiple years,very quickly,B,Interpretation
Someone noted that a milestone will be achieved '72 hours earlier'. When is this referring to?,three days ago,rarely,a few days later,A,Interpretation
"If the date is 1/10/1977 in the Hebrew, what is the date in the Julian?",12/4/1783,1/11/1781,4/6/1783,C,Shift - Calendar
"If the date is 2/5/1969 in the Hebrew, what is the date in the Gregorian?",4/14/1791,6/21/1789,1/18/1792,A,Shift - Calendar
"If the date is 11/10/2017 in the Islamic, what is the date in the Hebrew?",4/17/6341,2/9/6339,4/16/6340,B,Shift - Calendar
"If the date is 3/14/1848 in the Hebrew, what is the date in the Islamic?",1/12/2611,2/20/2611,2/27/2610,A,Shift - Calendar
"If the date is 1/9/1819 in the Hebrew, what is the date in the Julian?",2/14/1943,4/12/1941,1/17/1941,B,Shift - Calendar
"The art movement, begun in 1952, is predicted to peak in popularity after 811 years. When will this peak happen?",2763,2768,2765,A,Shift - LT
"The star, predicted to explode in 1972, has its explosion postponed by 968 years. When is the new prediction for the explosion?",2940,2944,2943,A,Shift - LT
"The ancient tree, cut down in 1971, was estimated to have sprouted 375 years before its removal. When did it most likely sprout?",1596,1599,1601,A,Shift - LT
"The ancient tree, cut down in 1857, was estimated to have sprouted 164 years before its removal. When did it most likely sprout?",1694,1697,1693,C,Shift - LT
"The next cosmic event, initially predicted for 1864, has been postponed by 496 years. When is it now expected?",2360,2366,2363,A,Shift - LT
The annual event typically during the 1st week of May will now happen 1 weeks later. Approximately when will it occur?,May 22nd,May 15th,May 8th,C,Shift - MT
The wedding initially scheduled for next Thursday has been moved forward three days. When will the event now take place?,Tuesday,Monday,Sunday,B,Shift - MT
The product launch in the 3rd week of March has been shifted 4 weeks later. Around when will it likely be?,April 19th,April 26th,April 12th,C,Shift - MT
The city parade usually on Tuesday has been moved a day ahead. Which day will it be?,Tuesday,Monday,Wednesday,B,Shift - MT
Your regular yoga class on Sunday will be postponed by a day next week. When is it scheduled?,Sunday,Tuesday,Monday,C,Shift - MT
"The webinar kicks off sharply at 12:56 PM. If you're targeting a section that starts 46 minutes post-beginning, when should you log in?",1:42 PM,1:41 PM,1:56 PM,A,Shift - ST
"You typically leave work right at 12:00 AM. If today you decide to stay back for an extra 5 hours, when will you finally head out?",12:15 AM,1:00 AM,5:00 AM,C,Shift - ST
"The book launch was slated for 08:12 PM. If the event begins 57 minutes ahead of schedule, when will it start?",8:57 PM,8:27 PM,7:15 PM,C,Shift - ST
"The webinar kicks off sharply at 09:24 AM. If you're targeting a section that starts 2 hours 35 minutes post-beginning, when should you log in?",10:24 AM,11:59 AM,10:09 AM,B,Shift - ST
"Your plane is supposed to depart at 02:16 PM. If it's preponed by 23 minutes, when is the revised departure?",3:01 PM,2:31 PM,1:53 PM,C,Shift - ST
