Premise,Hypothesis,Question,Answer,Source
"Inside the gate to the left is the Mikoshi-gura, a storeroom for the portable shrines that grace the semi-annual Toshogu Festival processions (18 May and 17 October).",The Toshogu Festival processions take place twice a year.,"Do the hypothesis and premise logically entail each other, contradict each other, or remain undetermined?",entailment,MNLI
"Some 200 km (124 miles) west of the capital by road and half an hour by air, Pokhara is a major staging point for treks and one of the fastest-growing cities in the country.",Pokhara is east of the capital.,"Do the hypothesis and premise logically entail each other, contradict each other, or remain undetermined?",contradiction,MNLI
"Back toward the river, and just west of the Praaa do Comercio is Lapa, an elegant residential neighborhood.",The residential neighborhood is situated far from others.,"Do the hypothesis and premise logically entail each other, contradict each other, or remain undetermined?",neutral,MNLI
"Dismal images of Russia unraveling after communism collapsed make an unintended  At least there was something to unravel, unlike in so much of the rest of the world.",There are images of Russia in the aftermath of communism's collapse.,"Do the hypothesis and premise logically entail each other, contradict each other, or remain undetermined?",entailment,MNLI
VII   The fall of the sun was seemingly endless.,The fall of the sun took a long time.,"Do the hypothesis and premise logically entail each other, contradict each other, or remain undetermined?",entailment,MNLI
A young boy is swimming in an underground pool right next to the 3.5 ft. sign.,A boy standing in water.,"Do the hypothesis and premise logically entail each other, contradict each other, or remain undetermined?",neutral,SNLI
A skateboarder jumps while spectators watch.,There is someone riding a skateboard.,"Do the hypothesis and premise logically entail each other, contradict each other, or remain undetermined?",entailment,SNLI
"A man with long brown hair, wearing a dark jacket, brown graphic t-shirt, and blue jeans is talking on a cellphone while carrying a drum on his head.",A person is balancing an instrument.,"Do the hypothesis and premise logically entail each other, contradict each other, or remain undetermined?",entailment,SNLI
A man and woman sit across from each other at a restaurant table.,A married couple celebrating an anniversary.,"Do the hypothesis and premise logically entail each other, contradict each other, or remain undetermined?",neutral,SNLI
A man in a pink polo shirt sitting on a large yellow bench talking to a group of three other men while a woman wearing green sunglasses and a man wearing a gray cap look off to the right of the image.,A man in a pink polo shirt is sitting.,"Do the hypothesis and premise logically entail each other, contradict each other, or remain undetermined?",entailment,SNLI
