Premise,Question,Option A,Option B,Answer,Category
Chris began doing his grocery shopping late at night instead of during the day.,What's the more plausible CAUSE?,The stores were less crowded at night.,Chris developed an allergy to moonlight.,A,Cause
The clock in the hallway struck thirteen.,What's the more plausible CAUSE?,The clock was malfunctioning.,A guest was arriving.,A,Cause
The school library extended its closing time to 11 pm.,What's the more plausible CAUSE?,The school wanted to provide students with more time to study after school hours.,There was a new cafeteria menu.,A,Cause
The family gathered to have a barbecue and watch fireworks.,What's the more plausible CAUSE?,It was Thanksgiving.,It was the Fourth of July.,B,Cause
He took a moment each night to wind his antique clock before going to bed.,What's the more plausible CAUSE?,He wanted to preserve the function and longevity of the clock.,He wanted to improve his piano skills.,A,Cause
She began practicing deep breathing exercises daily.,What's the more plausible RESULT?,She felt more relaxed over time.,She forgot how to breathe normally.,A,Effect
The community gathered to watch a solar eclipse using special glasses.,What's the more plausible RESULT?,They experienced a rare astronomical event safely without damaging their eyes.,They had a large barbecue party.,A,Effect
The meteorologist predicted a colder than usual winter season due to La Niña.,What's the more plausible RESULT?,Many people purchased additional warm clothing and heating supplies in anticipation.,There was a significant rise in beach vacations booked.,A,Effect
The government increased the minimum wage starting January.,What's the more plausible RESULT?,Businesses had to budget for higher wage expenses.,People painted their houses more frequently.,A,Effect
They finished all their exams.,What's the more plausible RESULT?,The school year started.,They started their summer break.,B,Effect
