Question,Answer,Category
"A festival is celebrated every 6 years. If it was last celebrated in 2012, when will it next be celebrated?",2018,Application
"A species of cicada emerges every 2 years. If they last emerged in 1805, when will they next emerge?",1807,Application
"A festival is celebrated every 14 years. If it was last celebrated in 1910, when will it next be celebrated?",1924,Application
"A particular star becomes visible from Earth every 100 years. If it was last observed in 1990, in which year will it next be visible?",2090,Application
"A town hosts a carnival every 4 years in November. If the preceding carnival was in 1912, when will the subsequent one occur?",Nov-16,Application
All Ana had to do was spell this last word and she would be the winner. How often is the contest held?,once a year,Commonsense
His counter-attack with Dayak warriors drove the Chinese out of Bau and across the Sarawak border. How often is a warrior promoted during battle?,once or twice,Commonsense
"This led to the discovery that the Earths crust was broken up into regions, or plates. How often does the Earth's crust break up into regions?",once in a billion years,Commonsense
"In the opening scene , Randy Morton describes a typical Friday afternoon at the Waldorf . How often does he go to the Waldorf?",every week,Commonsense
But President Clinton insisted on including Pakistan in the itinerary for his trip to South Asia. How often does Clinton visit Pakistan?,once every few years,Commonsense
Compare the frequency of 'Pongal' and 'G7 Summit'.,Both events are equally frequent,Comparison
Compare the frequency of 'Quidditch summer league' (which happens yearly) and 'Basilisk's summer shedding' (which happens yearly).,Both events are equally frequent,Comparison
Compare the frequency of 'Earth's rotation on its axis' and 'Perihelion (Earth closest to the Sun)'.,Earth's rotation on its axis is more frequent,Comparison
Compare the frequency of 'Rainbows touching the ground' (which happens rarely) and 'Wizard's duel' (which happens biweekly).,Wizard's duel is more frequent,Comparison
Compare the frequency of 'G7 Summit' and 'Australian Federal Election'.,G7 Summit is more frequent,Comparison
"Kraken's deep-sea disco' appears quarterly. If it was last seen in 1892, when will it next appear?",It will appear in 1892,Computation
"Kappa's river party' appears quarterly. If it took place in 1802, when did it previously occur?",It previously occurred in 1801,Computation
"Basilisk's summer shedding' appears yearly. If it took place in 1859, when did it previously occur?",It previously occurred in 1858,Computation
"If 'Banshee's vocal training' happens biweekly, how many times will it occur in 100 years?",It will occur 2600 times,Computation
"Werewolf transformation therapy' appears monthly. If it took place in 1913, when did it previously occur?",It previously occurred in 1912,Computation
How often does Boston Marathon occur?,Once a year,Facts
How often does International Firefighters’ Day occur?,Once a year,Facts
How often does Tour de France occur?,Once a year,Facts
How often does Jupiter Orbital Completion occur?,About every 12 Earth years,Facts
How often does Mardi Gras occur?,Once a year,Facts
"During the period from 1993 to 2011, FBI agents fired their weapons on 289 occasions; FBI internal reviews found the shots justified in all but 5 cases, in none of the 5 cases were people wounded. Samuel Walker, a professor of criminal justice at the University of Nebraska Omaha said the number of shots found to be unjustified was ""suspiciously low."" In the same time period, the FBI wounded 150 people, 70 of whom died; the FBI found all 150 shootings to be justified. Likewise, during the period from 2011 to the present, all shootings by FBI agents have been found to be justified by internal investigation. In a 2002 case in Maryland, an innocent man was shot, and later paid $1.3 million by the FBI after agents mistook him for a bank robber; the internal investigation found that the shooting was justified, based on the man's actions. How many times did FBI agents first their weapons from 1993 to 2011?",289,Reading Comprehension
"The Gregorian calendar is a solar calendar. A regular Gregorian year consists of 365 days, but as in the Julian calendar, in a leap year, a leap day is added to February. In the Julian calendar a leap year occurs every 4 years, but the Gregorian calendar omits 3 leap days every 400 years. In the Julian calendar, this leap day was inserted by doubling 24 February, and the Gregorian reform did not change the date of the leap day. In the modern period, it has become customary to number the days from the beginning of the month, and February 29th is often considered as the leap day. Some churches, notably the Roman Catholic Church, delay February festivals after the 23rd by one day in leap years. How often is a leap day added to the Julian calendar year?",every 4 years,Reading Comprehension
"The league announced on October 16, 2012, that the two finalists were Sun Life Stadium and Levi's Stadium. The South Florida/Miami area has previously hosted the event 10 times (tied for most with New Orleans), with the most recent one being Super Bowl XLIV in 2010. The San Francisco Bay Area last hosted in 1985 (Super Bowl XIX), held at Stanford Stadium in Stanford, California, won by the home team 49ers. The Miami bid depended on whether the stadium underwent renovations. However, on May 3, 2013, the Florida legislature refused to approve the funding plan to pay for the renovations, dealing a significant blow to Miami's chances. How many times has a Super Bowl taken place at Miami's Sun Life Stadium?",two,Reading Comprehension
"Another position in the United Methodist Church is that of the lay servant. Although not considered clergy, lay speakers often preach during services of worship when an ordained elder, Local Pastor, Associate Member or deacon is unavailable. There are two categories of lay servants: local church lay servant, who serve in and through their local churches, and certified lay servants, who serve in their own churches, in other churches, and through district or conference projects and programs. To be recognized as local church lay servant, they must be recommended by their pastor and Church Council or Charge Conference, and complete the basic course for lay servant. Each year they must reapply, reporting how they have served and continued to learn during that year. To be recognized as certified lay servant, they must be recommended by their pastor and Church Council or Charge Conference, complete the basic course and one advanced lay servant course, and be interviewed by the District or Conference Committee on Lay Speaking. They must report and reapply annually; and they must complete at least one advanced course every three years. How often must local lay servant reapply?",annually,Reading Comprehension
"In domestic dogs, sexual maturity begins to happen around age six to twelve months for both males and females, although this can be delayed until up to two years old for some large breeds. This is the time at which female dogs will have their first estrous cycle. They will experience subsequent estrous cycles biannually, during which the body prepares for pregnancy. At the peak of the cycle, females will come into estrus, being mentally and physically receptive to copulation. Because the ova survive and are capable of being fertilized for a week after ovulation, it is possible for a female to mate with more than one male. How many times per year do female dogs go into heat?",two,Reading Comprehension
