Question,Answer,Category
"Growing up on a farm near St. Paul, L. Mark Bailey didn't dream of becoming a judge. How many years did it take for Mark to become a judge?",7 years,Commonsense
"They first traveled by plane around Europe, where they saw many different people and sights. How long was their average plane flight?",the average trip was 6 hours,Commonsense
"The fort of Massaga was reduced only after days of bloody fighting, in which Alexander was wounded seriously in the ankle. How many days did the fighting last?",4 days,Commonsense
"In the aftermath of Massaga and Ora, numerous Assakenians fled to the fortress of Aornos. How long did it take the Assakenians to get to the fortress?",5 days,Commonsense
"Direct control of the political operations of the entirety of Algeria, however, was not. How long was there direct control of the politic operations?",ten years,Commonsense
"For an exam, the sum of durations of execution, feedback, and review is 9 times 11 months. If execution is 11 months and feedback is twice that, how long is review?",66 months,Computation
"The duration of guidance is 3 years. If coordination is a quarter shorter than guidance and feedback is four times the length of coordination for a tour, how long do all the activities last?",14.2 years,Computation
"During a tour, planning takes 3 days, while coordination is three times that duration minus 20% of planning. If feedback takes 30% the sum of planning and coordination, what's the total duration?",14.8 days,Computation
"For a presentation, preparation takes 3 years. feedback is a third of preparation plus 10% of preparation. If planning is double the duration of feedback minus 15% of preparation, how long is the event?",6.5 years,Computation
"preparation takes 1 year. If execution is a quarter of preparation plus 10% of preparation and registration is four times the length of execution minus 25% of preparation for a tour, how long do all the activities last?",2.5 years,Computation
Which event lasted longer: Dino Renaissance Festival (more than half a century) or Great Robot Rebellion (several nights)?,Dino Renaissance Festival,Direct Comparison
"Which event lasted the longest: 1980 Eruption of Mount St. Helens, California Gold Rush, or Greco-Persian Wars?",Greco-Persian Wars,Direct Comparison
Which event lasted longer: The Celestial Comet Nights (many months) or The Great Nebula Nights (a long weekend)?,The Celestial Comet Nights,Direct Comparison
Which event lasted longer: War of the Shadow Realm (a year or so) or Mystical Monsoon Festival (several decades)?,Mystical Monsoon Festival,Direct Comparison
Which event lasted longer: Apollo 11 Mission or 2021 Suez Canal obstruction?,Apollo 11 Mission,Direct Comparison
How long did Boxing Day Test last?,5 days,Facts
How long did Mongol Empire last?,162 years,Facts
How long did Human Genome Project last?,13 years,Facts
How long did Apollo 13 mission last?,"5 days, 22 hours, 54 minutes and 41 seconds",Facts
How long did Filming of the movie Titanic last?,160 days,Facts
"Comedy Night was like a leisurely day at the beach, Philosophy Discussion was a quick dip in the pool, and Archaeology Expedition was just a splash of water. Which event was in the middle in terms of duration?",Philosophy Discussion,Analogy Inference
"Storytelling Session was like listening to a symphony, Art Exhibition was a short jingle, and Musical Theater was attending an opera. Which event lasted the shortest?",Art Exhibition,Analogy Inference
"Attendees of Gardening Course had time to complete detailed sketches, those at Business Seminar jotted down quick doodles, while at Magic Show they barely managed to draw a line. Which event was the longest?",Gardening Course,Analogy Inference
"Most people came out of Ballet Recital wanting more, but felt Book Fair could have been shortened. The Gardening Course, however, was believed to be just the right duration. Which event was probably the shortest?",Ballet Recital,Analogy Inference
"Participants at Music Fest went through an entire yoga session, Gospel Choir allowed for a short warm-up, while Board Game Night was only a few stretches. Which event was the shortest?",Board Game Night,Analogy Inference
"Dance Workshop spans 1 day. Philosophy Discussion is double that, but Presentation is only a third of Dance Workshop. Which has the most extended duration?",Philosophy Discussion,Multi-Step Comparison
It takes 3 months for Cooking Workshop to occur. Camping Trip happens in the same amount of time as Cooking Workshop. Pottery Class occurs in double the time of Camping Trip. Which event takes the longest?,Pottery Class,Multi-Step Comparison
"Pottery Class goes on for 3 months, Winter Carnival is triple as long, and Culinary Fest is the average of the two. Which event has the shortest duration?",Pottery Class,Multi-Step Comparison
"Gaming Tournament spans 5 weeks. Winter Carnival is double that, but Sculpture Walk is only a third of Gaming Tournament. Which has the most extended duration?",Winter Carnival,Multi-Step Comparison
Ballet Recital takes 6 days to complete. The duration of History Lecture is twice that of Ballet Recital. Jazz Concert lasts as long as Ballet Recital and History Lecture combined. Which event finishes the quickest?,Ballet Recital,Multi-Step Comparison
"The Alps (/ælps/; Italian: Alpi [ˈalpi]; French: Alpes [alp]; German: Alpen [ˈʔalpm̩]; Slovene: Alpe [ˈáːlpɛ]) are the highest and most extensive mountain range system that lies entirely in Europe, stretching approximately 1,200 kilometres (750 mi) across eight Alpine countries: Austria, France, Germany, Italy, Liechtenstein, Monaco, Slovenia, and Switzerland. The Caucasus Mountains are higher, and the Urals longer, but both lie partly in Asia. The mountains were formed over tens of millions of years as the African and Eurasian tectonic plates collided. Extreme shortening caused by the event resulted in marine sedimentary rocks rising by thrusting and folding into high mountain peaks such as Mont Blanc and the Matterhorn. Mont Blanc spans the French–Italian border, and at 4,810 m (15,781 ft) is the highest mountain in the Alps. The Alpine region area contains about a hundred peaks higher than 4,000 m (13,123 ft), known as the ""four-thousanders"". How long has it taken for the Alps to form? ",over tens of millions of years,Reading Comprehension
"Stochastic computing was first introduced in a pioneering paper by von Neumann in 1953. However, the theory could not be implemented until advances in computing of the 1960s. He also created the field of cellular automata without the aid of computers, constructing the first self-replicating automata with pencil and graph paper. The concept of a universal constructor was fleshed out in his posthumous work Theory of Self Reproducing Automata. Von Neumann proved that the most effective way of performing large-scale mining operations such as mining an entire moon or asteroid belt would be by using self-replicating spacecraft, taking advantage of their exponential growth. His rigorous mathematical analysis of the structure of self-replication (of the semiotic relationship between constructor, description and that which is constructed), preceded the discovery of the structure of DNA. Beginning in 1949, von Neumann's design for a self-reproducing computer program is considered the world's first computer virus, and he is considered to be the theoretical father of computer virology. How long before stochastic computing could be implemented?",advances in computing of the 1960s.,Reading Comprehension
"Rutherford centralized organizational control of the Watch Tower Society. In 1919, he instituted the appointment of a director in each congregation, and a year later all members were instructed to report their weekly preaching activity to the Brooklyn headquarters. At an international convention held at Cedar Point, Ohio, in September 1922, a new emphasis was made on house-to-house preaching. Significant changes in doctrine and administration were regularly introduced during Rutherford's twenty-five years as president, including the 1920 announcement that the Jewish patriarchs (such as Abraham and Isaac) would be resurrected in 1925, marking the beginning of Christ's thousand-year Kingdom. Disappointed by the changes, tens of thousands of defections occurred during the first half of Rutherford's tenure, leading to the formation of several Bible Student organizations independent of the Watch Tower Society, most of which still exist. By mid-1919, as many as one in seven of Russell-era Bible Students had ceased their association with the Society, and as many as two-thirds by the end of the 1920s. How long was Rutherford's tenure as president of the Society?",twenty-five years,Reading Comprehension
"Coordination strategies differ when adjacent time zones shift clocks. The European Union shifts all at once, at 01:00 UTC or 02:00 CET or 03:00 EET; for example, Eastern European Time is always one hour ahead of Central European Time. Most of North America shifts at 02:00 local time, so its zones do not shift at the same time; for example, Mountain Time is temporarily (for one hour) zero hours ahead of Pacific Time, instead of one hour ahead, in the autumn and two hours, instead of one, ahead of Pacific Time in the spring. In the past, Australian districts went even further and did not always agree on start and end dates; for example, in 2008 most DST-observing areas shifted clocks forward on October 5 but Western Australia shifted on October 26. In some cases only part of a country shifts; for example, in the US, Hawaii and most of Arizona do not observe DST. At DST in the fall, how long does it stay the same time in both Pacific and Mountain time in the United States?",one hour,Reading Comprehension
"Doctor Who books have been published from the mid-sixties through to the present day. From 1965 to 1991 the books published were primarily novelised adaptations of broadcast episodes; beginning in 1991 an extensive line of original fiction was launched, the Virgin New Adventures and Virgin Missing Adventures. Since the relaunch of the programme in 2005, a new range of novels have been published by BBC Books. Numerous non-fiction books about the series, including guidebooks and critical studies, have also been published, and a dedicated Doctor Who Magazine with newsstand circulation has been published regularly since 1979. This is published by Panini, as is the Doctor Who Adventures magazine for younger fans. How long has the Doctor Who Magazine been in circulation?",since 1979,Reading Comprehension
